Type,Name,Request Count,Failure Count,Median Response Time,Average Response Time,Min Response Time,Max Response Time,Average Content Size,Requests/s,Failures/s,50%,66%,75%,80%,90%,95%,98%,99%,99.9%,99.99%,100%
GET,/todos/,1980,0,1600,1595.4757575757576,7,3591,93617.87525252525,16.509711939098867,0.0,1600,2000,2300,2400,2800,3100,3300,3400,3600,3600,3600
POST,/todos/,1385,0,1900,1823.8519855595669,19,4819,136.0,11.548460119016127,0.0,1900,2300,2600,2800,3300,3600,3900,4400,4800,4800,4800
,Aggregated,3365,0,1600,1689.4731054977713,7,4819,55141.67994056464,28.058172058114994,0.0,1600,2100,2400,2600,3000,3300,3700,3900,4500,4800,4800
