Type,Name,Request Count,Failure Count,Median Response Time,Average Response Time,Min Response Time,Max Response Time,Average Content Size,Requests/s,Failures/s,50%,66%,75%,80%,90%,95%,98%,99%,99.9%,99.99%,100%
GET,/todos/,1976,0,1600,1642.467105263158,7,3850,92118.3886639676,16.479856898212184,0.0,1600,2100,2400,2600,2900,3100,3400,3500,3800,3800,3800
POST,/todos/,1323,0,1900,1853.148904006047,18,5490,136.0,11.033831313934574,0.0,1900,2500,2800,2900,3300,3800,4000,4200,5000,5500,5500
,Aggregated,3299,0,1700,1726.9569566535313,7,5490,55230.63473779933,27.513688212146757,0.0,1700,2200,2500,2700,3100,3300,3800,3900,4600,5500,5500
