Type,Name,Request Count,Failure Count,Median Response Time,Average Response Time,Min Response Time,Max Response Time,Average Content Size,Requests/s,Failures/s,50%,66%,75%,80%,90%,95%,98%,99%,99.9%,99.99%,100%
GET,/todos/,1578,0,2300,2375.491761723701,10,5333,72632.35994930292,13.162817570236198,0.0,2300,3200,3600,3900,4400,4700,5000,5100,5300,5300,5300
POST,/todos/,1053,0,1800,1819.1006647673314,19,4802,136.0,8.783553169492217,0.0,1800,2400,2700,3000,3500,3800,4000,4200,4300,4800,4800
,Aggregated,2631,0,2100,2152.8084378563285,10,5333,43617.2831622957,21.946370739728415,0.0,2100,2800,3300,3500,4100,4500,4800,5000,5300,5300,5300
