Type,Name,Request Count,Failure Count,Median Response Time,Average Response Time,Min Response Time,Max Response Time,Average Content Size,Requests/s,Failures/s,50%,66%,75%,80%,90%,95%,98%,99%,99.9%,99.99%,100%
GET,/todos/,2137,0,860,849.6686944314459,64,1730,27601.0,32.111475198311176,0.0,860,910,950,980,1100,1300,1300,1300,1600,1700,1700
POST,/todos/,1495,0,850,842.1157190635452,31,1625,137.0,22.464508854223308,0.0,850,900,950,980,1100,1300,1300,1400,1600,1600,1600
,Aggregated,3632,0,860,846.5597466960353,31,1730,16296.297356828194,54.57598405253449,0.0,860,910,950,980,1100,1300,1300,1400,1600,1700,1700
