Type,Name,Request Count,Failure Count,Median Response Time,Average Response Time,Min Response Time,Max Response Time,Average Content Size,Requests/s,Failures/s,50%,66%,75%,80%,90%,95%,98%,99%,99.9%,99.99%,100%
GET,/todos/,3642,0,770,759.2468423942888,52,1563,27601.0,37.59474785086751,0.0,770,810,860,870,960,1000,1100,1200,1200,1600,1600
POST,/todos/,2384,0,760,758.319211409396,17,1323,137.0,24.608972783214757,0.0,760,810,850,870,960,1000,1100,1200,1200,1300,1300
,Aggregated,6026,0,770,758.8798539661467,17,1563,16735.720212412878,62.20372063408227,0.0,770,810,850,870,960,1000,1100,1200,1200,1600,1600
