Type,Name,Request Count,Failure Count,Median Response Time,Average Response Time,Min Response Time,Max Response Time,Average Content Size,Requests/s,Failures/s,50%,66%,75%,80%,90%,95%,98%,99%,99.9%,99.99%,100%
GET,/todos/,1762,0,3100,3019.116345062429,23,7321,76694.49035187287,14.68658207516257,0.0,3100,3600,4400,4700,5300,5800,6300,6700,7300,7300,7300
POST,/todos/,1122,0,2400,2360.134581105169,35,5545,136.0,9.352068722095575,0.0,2400,3000,3400,3700,4200,4600,5000,5100,5500,5500,5500
,Aggregated,2884,0,2900,2762.744105409154,23,7321,46909.945908460475,24.038650797258146,0.0,2900,3400,3900,4300,5000,5500,6100,6500,7200,7300,7300
