Type,Name,Request Count,Failure Count,Median Response Time,Average Response Time,Min Response Time,Max Response Time,Average Content Size,Requests/s,Failures/s,50%,66%,75%,80%,90%,95%,98%,99%,99.9%,99.99%,100%
GET,/todos/,1571,0,2400,2335.308720560153,12,5598,71875.68300445576,13.091874600342026,0.0,2400,3200,3600,3700,4100,4500,4800,5000,5500,5600,5600
POST,/todos/,1064,0,1800,1831.6475563909773,20,4349,136.0,8.866807495075694,0.0,1800,2500,2800,3000,3300,3600,3900,4100,4300,4300,4300
,Aggregated,2635,0,2100,2131.9328273244782,12,5598,42907.55294117647,21.95868209541772,0.0,2100,2800,3300,3500,3900,4200,4700,4800,5500,5600,5600
