Type,Name,Request Count,Failure Count,Median Response Time,Average Response Time,Min Response Time,Max Response Time,Average Content Size,Requests/s,Failures/s,50%,66%,75%,80%,90%,95%,98%,99%,99.9%,99.99%,100%
GET,/todos/,1613,0,2200,2280.06385616863,8,5919,78086.55424674519,13.470618475197266,0.0,2200,2900,3400,3800,4500,4800,5100,5200,5700,5900,5900
POST,/todos/,1142,0,1700,1731.8345008756567,22,4736,135.0306479859895,9.537164475310155,0.0,1700,2200,2600,2800,3500,3700,4000,4200,4700,4700,4700
,Aggregated,2755,0,2000,2052.812341197822,8,5919,45774.16225045372,23.00778295050742,0.0,2000,2600,3000,3300,4000,4600,4900,5100,5600,5900,5900
