Type,Name,Request Count,Failure Count,Median Response Time,Average Response Time,Min Response Time,Max Response Time,Average Content Size,Requests/s,Failures/s,50%,66%,75%,80%,90%,95%,98%,99%,99.9%,99.99%,100%
GET,/todos/,1779,0,2300,2086.167509836987,10,4997,78399.50140528387,14.850802609073337,0.0,2300,2700,2900,3100,3600,4000,4400,4600,4900,5000,5000
POST,/todos/,1194,0,1800,1658.7303182579565,19,4133,136.0,9.967317771351077,0.0,1800,2100,2400,2500,2800,3100,3400,3700,4000,4100,4100
,Aggregated,2973,0,2000,1914.502522704339,10,4997,46967.74201143626,24.818120380424414,0.0,2000,2500,2700,2900,3300,3800,4200,4500,4800,5000,5000
